{"petaled": 2, "sake": 2, "storks": 1, "spiritless": 3, "foregather": 3, "deepener": 3, "asakura": 4, "moonrise": 2, "fie": 1, "nursemaid": 2, "watersplash": 3, "paperweights": 3, "samuri": 3, "skims": 1, "battlers": 2, "tendrils": 2, "lichened": 2, "cloudbanks": 2, "beholders": 3, "samisen": 3, "carven": 2, "morningglory": 4, "persimmons": 3, "dusky": 2, "froglings": 2, "archways": 2, "oranged": 2, "treehouse": 2, "atsuta": 3, "camellia": 4, "yowl": 1, "wisteria": 4, "whippoorwill": 3, "inuyasha": 4, "dragonfly": 3, "nightingales": 3, "woodcutter": 3, "colour": 2, "dewdrop": 2, "hibiscus": 3, "ridgelines": 2, "swordhand": 2, "tendrilled": 2, "treeline": 2, "mooing": 2, "evenfall": 3, "priestling": 2, "scatters": 2, "bathwater": 3, "furue": 2, "windless": 2, "wintery": 3, "cloudbank": 2, "cumulus": 3, "pattering": 3, "shadeless": 2, "stretchings": 2, "windblown": 2, "creepers": 2}
